No,CmdType
-1,_NONE_USE_NUMBER
1,_NOP
2,_DUMMY
3,_END
4,_TIME_WAIT
5,_LD_REG_VAL
6,_LD_REG_WDATA
7,_LD_REG_ADR
8,_LD_ADR_VAL
9,_LD_ADR_REG
10,_LD_REG_REG
11,_LD_ADR_ADR
12,_CP_REG_REG
13,_CP_REG_VAL
14,_CP_REG_ADR
15,_CP_ADR_REG
16,_CP_ADR_VAL
17,_CP_ADR_ADR
18,_CMPVAL
19,_CMPWK
20,_DEBUG_WATCH_WORK
21,_VM_ADD
22,_CHG_COMMON_SCR
23,_CHG_LOCAL_SCR
24,_JUMP
25,_OBJ_ID_JUMP
26,_BG_ID_JUMP
27,_PLAYER_DIR_JUMP
28,_CALL
29,_RET
30,_IF_JUMP
31,_IF_CALL
32,_IFVAL_JUMP
33,_IFVAL_CALL
34,_IFWK_JUMP
35,_IFWK_CALL
36,_SWITCH
37,_CASE_JUMP
38,_CASE_CANCEL
39,_ADD_WAITICON
40,_DEL_WAITICON
41,_FLAG_SET
42,_ARRIVE_FLAG_SET
43,_FLAG_RESET
44,_FLAG_CHECK
45,_IF_FLAGON_JUMP
46,_IF_FLAGOFF_JUMP
47,_IF_FLAGON_CALL
48,_IF_FLAGOFF_CALL
49,_FLAG_CHECK_WK
50,_FLAG_SET_WK
51,_TRAINER_FLAG_SET
52,_TRAINER_FLAG_RESET
53,_TRAINER_FLAG_CHECK
54,_IF_TR_FLAGON_JUMP
55,_IF_TR_FLAGOFF_JUMP
56,_IF_TR_FLAGON_CALL
57,_IF_TR_FLAGOFF_CALL
58,_ADD_WK
59,_SUB_WK
60,_LDVAL
61,_LDWK
62,_LDWKVAL
63,_TALKMSG_ALLPUT
64,_TALKMSG_ALLPUT_ARC
65,_TALKMSG_ARC
66,_TALKMSG_ALLPUT_PMS
67,_TALKMSG_PMS
68,_TALKMSG_BTOWER_APPEAR
69,_TALKMSG_NG_POKE_NAME
70,_TALKMSG
71,_TALKMSG_SP
72,_TALKMSG_SP_AUTO
73,_TALKMSG_NOSKIP
74,_TALKMSG_CON_SIO
75,_TALKMSG_AUTOGET
76,_AB_KEYWAIT
77,_AB_KEY_TIME_WAIT
78,_LAST_KEYWAIT
79,_NEXT_ANM_LAST_KEYWAIT
80,_TALK_OPEN
81,_TALK_CLOSE
82,_TALK_CLOSE_NO_CLEAR
83,_TALK_KEYWAIT
84,_EASY_OBJ_MSG
85,_EASY_MSG
86,_BOARD_MAKE
87,_INFOBOARD_MAKE
88,_BOARD_REQ
89,_BOARD_REQ_WAIT
90,_BOARD_MSG
91,_BOARD_END_WAIT
92,_EASY_BOARD_MSG
93,_EASY_INFOBOARD_MSG
94,_MENU_REQ
95,_BG_SCROLL
96,_YES_NO_WIN
97,_GUINNESS_WIN
98,_BMPMENU_INIT
99,_BMPMENU_INIT_EX
100,_BMPMENU_MAKE_LIST
101,_BMPMENU_MAKE_LIST16
102,_BMPMENU_START
103,_SEL_WIN_JUMP
104,_BMPLIST_INIT
105,_BMPLIST_INIT_EX
106,_BMPLIST_MAKE_LIST
107,_BMPLIST_START
108,_BMPMENU_HV_START
109,_SE_PLAY
110,_SE_STOP
111,_SE_WAIT
112,_VOICE_PLAY
113,_VOICE_WAIT
114,_EASY_VOICE_MSG
115,_ME_PLAY
116,_ME_WAIT
117,_SND_INITIAL_VOL_SET
118,_BGM_PLAY
119,_BGM_PLAY_CHECK
120,_BGM_STOP
121,_BGM_NOW_MAP_PLAY
122,_BGM_SPECIAL_SET
123,_BGM_SPECIAL_CLR
124,_BGM_FADEOUT
125,_BGM_FADEOUT_PLAY
126,_BGM_FADEIN
127,_BGM_PLAYER_PAUSE
128,_PLAYER_FIELD_DEMO_BGM_PLAY
129,_CTRL_BGM_FLAG_SET
130,_CTRL_BGM_FLAG_RESET
131,_PERAP_DATA_CHECK
132,_PERAP_REC_START
133,_PERAP_REC_STOP
134,_PERAP_SAVE
135,_SND_CLIMAX_DATA_LOAD
136,_OBJ_ANIME
137,_OBJ_ANIME_POS
138,_ANIME_LABEL
139,_ANIME_DATA
140,_OBJ_ANIME_WAIT
141,_TALK_OBJ_PAUSE_ALL
142,_OBJ_PAUSE_ALL
143,_OBJ_PAUSE_CLEAR_ALL
144,_OBJ_PAUSE
145,_OBJ_PAUSE_CLEAR
146,_OBJ_ADD
147,_OBJ_DEL
148,_VANISH_DUMMY_OBJ_ADD
149,_VANISH_DUMMY_OBJ_DEL
150,_TURN_HERO_SITE
151,_TALK_OBJ_START
152,_TALK_OBJ_START_TURN_NOT
153,_TALK_OBJ_END
154,_TALK_START
155,_EVENT_START
156,_TALK_END
157,_EVENT_END
158,_PLAYER_POS_GET
159,_OBJ_POS_GET
160,_PLAYER_POS_OFFSET_SET
161,_PLAYER_DIR_GET
162,_NOT_ZONE_DEL_SET
163,_MOVE_CODE_CHANGE
164,_MOVE_CODE_GET
165,_PAIR_OBJID_SET
166,_EVENT_DATA
167,_EVENT_DATA_END
168,_SP_EVENT_DATA_END
169,_SCENE_CHANGE_LABEL
170,_SCENE_CHANGE_DATA
171,_SCENE_CHANGE_END
172,_FLAG_CHANGE_LABEL
173,_OBJ_CHANGE_LABEL
174,_INIT_CHANGE_LABEL
175,_ADD_GOLD
176,_SUB_GOLD
177,_COMP_GOLD
178,_GOLD_WIN_WRITE
179,_GOLD_WIN_DEL
180,_GOLD_WRITE
181,_COIN_WIN_WRITE
182,_COIN_WIN_DEL
183,_COIN_WRITE
184,_GET_COIN_NUM
185,_ADD_COIN
186,_SUB_COIN
187,_FLD_ITEM_EVENT
188,_HIDE_ITEM_EVENT
189,_ADD_ITEM
190,_SUB_ITEM
191,_ADD_ITEM_CHK
192,_ITEM_CHK
193,_WAZA_ITEM_CHK
194,_GET_POCKET_NO
195,_CHECK_POCKET
196,_ADD_BOX_ITEM
197,_CHK_BOX_ITEM
198,_ADD_GOODS
199,_SUB_GOODS
200,_ADD_GOODS_CHK
201,_GOODS_CHK
202,_ADD_TRAP
203,_SUB_TRAP
204,_ADD_TRAP_CHK
205,_TRAP_CHK
206,_ADD_TREASURE
207,_SUB_TREASURE
208,_ADD_TREASURE_CHK
209,_TREASURE_CHK
210,_ADD_TAMA
211,_SUB_TAMA
212,_ADD_TAMA_CHK
213,_TAMA_CHK
214,_CB_SEAL_KIND_NUM_GET
215,_CB_ITEM_NUM_GET
216,_CB_ITEM_NUM_ADD
217,_UNKNOWN_FORM_GET
218,_ADD_POKEMON
219,_ADD_TAMAGO
220,_CHG_POKE_WAZA
221,_CHK_POKE_WAZA
222,_CHK_POKE_WAZA_GROUP
223,_APPROVE_POISON_DEAD
224,_REVENGE_TRAINER_SEARCH
225,_INIT_WEATHER
226,_SET_WEATHER
227,_UPDATE_WEATHER
228,_GET_MAP_POS
229,_GET_TEMOTI_POKE_NUM
230,_SET_MAP_PROC
231,_FINISH_MAP_PROC
232,_WIFI_AUTO_REG
233,_WIFI_P2P_MATCH_EVENT_CALL
234,_WIFI_P2P_MATCH_SET_DEL
235,_COMM_GET_CURRENT_ID
236,_DENDOU_NUM_GET
237,_POKE_WINDOW_PUT
238,_POKE_WINDOW_PUT_PP
239,_POKE_WINDOW_DEL
240,_POKE_WINDOW_ANM
241,_POKE_WINDOW_ANM_WAIT
242,_BTL_SEARCHER_EVENT_CALL
243,_BTL_SEARCHER_DIR_MV_SET
244,_MSG_BOY_EVENT
245,_IMAGE_CLIP_SET_PROC
246,_IMAGE_CLIP_VIEW_TV_SET_PROC
247,_IMAGE_CLIP_VIEW_CON_SET_PROC
248,_CUSTOM_BALL_EVENT_CALL
249,_TMAP_BG_SET_PROC
250,_BOX_SET_PROC
251,_OEKAKI_BOARD_SET_PROC
252,_TR_CARD_SET_PROC
253,_TRADE_LIST_SET_PROC
254,_RECORD_CORNER_SET_PROC
255,_DENDOU_SET_PROC
256,_PC_DENDOU_SET_PROC
257,_WORLDTRADE_SET_PROC
258,_DPW_INIT_PROC
259,_FIRST_POKE_SELECT_PROC
260,_FIRST_POKE_SELECT_SET_AND_DEL
261,_BAG_SET_PROC_NORMAL
262,_BAG_SET_PROC_KINOMI
263,_BAG_GET_RESULT
264,_POKELIST_SET_PROC
265,_NPC_TRADE_POKELIST_SET_PROC
266,_UNION_POKELIST_SET_PROC
267,_POKELIST_GET_RESULT
268,_CON_POKELIST_SET_PROC
269,_CON_POKELIST_GET_RESULT
270,_CON_POKESTATUS_SET_PROC
271,_POKESTATUS_GET_RESULT
272,_WIFI_EARTH_SET_PROC
273,_EYE_TRAINER_MOVE_SET
274,_EYE_TRAINER_MOVE_CHECK
275,_EYE_TRAINER_TYPE_GET
276,_EYE_TRAINER_ID_GET
277,_NAMEIN
278,_NAMEIN_POKE
279,_WIPE_FADE_START
280,_WIPE_FADE_END_CHECK
281,_WHITE_OUT
282,_WHITE_IN
283,_BLACK_OUT
284,_BLACK_IN
285,_MAP_CHANGE
286,_MAP_CHANGE_NONE_FADE
287,_COLOSSEUM_MAP_CHANGE_IN
288,_COLOSSEUM_MAP_CHANGE_OUT
289,_GET_BEFORE_ZONE_ID
290,_GET_NOW_ZONE_ID
291,_KABENOBORI
292,_NAMINORI
293,_BICYCLE_CHECK
294,_BICYCLE_REQ
295,_BICYCLE_REQ_NON_BGM
296,_CYCLING_ROAD_SET
297,_PLAYER_FORM_GET
298,_PLAYER_REQ_BIT_ON
299,_PLAYER_REQ_START
300,_TAKINOBORI
301,_SORAWOTOBU
302,_HIDEN_FLASH
303,_HIDEN_KIRIBARAI
304,_CUTIN
305,_CON_HERO_CHANGE
306,_PLAYER_NAME
307,_RIVAL_NAME
308,_SUPPORT_NAME
309,_POKEMON_NAME
310,_ITEM_NAME
311,_POCKET_NAME
312,_ITEM_WAZA_NAME
313,_WAZA_NAME
314,_NUMBER_NAME
315,_NUMBER_NAME_EX
316,_BIRTH_DAY_CHECK
317,_ANOON_SEE_NUM
318,_NICK_NAME
319,_POKETCH_NAME
320,_TR_TYPE_NAME
321,_MY_TR_TYPE_NAME
322,_POKEMON_NAME_EXTRA
323,_FIRST_POKEMON_NAME
324,_RIVAL_POKEMON_NAME
325,_SUPPORT_POKEMON_NAME
326,_FIRST_POKE_NO_GET
327,_NUTS_NAME
328,_SEIKAKU_NAME
329,_GOODS_NAME
330,_TRAP_NAME
331,_TAMA_NAME
332,_ZONE_NAME
333,_GENERATE_INFO_GET
334,_TRAINER_ID_GET
335,_TRAINER_BTL_SET
336,_TRAINER_MULTI_BTL_SET
337,_TRAINER_MSG_SET
338,_TRAINER_TALK_TYPE_GET
339,_REVENGE_TRAINER_TALK_TYPE_GET
340,_TRAINER_TYPE_GET
341,_TRAINER_BGM_SET
342,_TRAINER_LOSE
343,_TRAINER_LOSE_CHECK
344,_NORMAL_LOSE
345,_LOSE_CHECK
346,_SEACRET_POKE_RETRY_CHECK
347,_HAIFU_POKE_RETRY_CHECK
348,_2VS2_BATTLE_CHECK
349,_DEBUG_BTL_SET
350,_DEBUG_TRAINER_FLAG_SET
351,_DEBUG_TRAINER_FLAG_ON_JUMP
352,_DEBUG_TR_TALK_BTL
353,_SEL_PARENT_WIN
354,_SEL_CHILD_WIN
355,_DEBUG_PARENT_WIN
356,_DEBUG_CHILD_WIN
357,_DEBUG_SIO_ENCOUNT
358,_DEBUG_SIO_CONTEST
359,_CONSIO_TIMING_SEND
360,_CONSIO_TIMING_CHECK
361,_CON_SYSTEM_CREATE
362,_CON_SYSTEM_EXIT
363,_CON_JUDGE_NAME_GET
364,_CON_BREEDER_NAME_GET
365,_CON_NICK_NAME_GET
366,_CON_NUM_TAG_SET
367,_CON_SIO_PARAM_INIT_SET
368,_CONTEST_PROC
369,_CON_RANK_NAME_GET
370,_CON_TYPE_NAME_GET
371,_CON_VICTORY_BREEDER_NAME_GET
372,_CON_VICTORY_ITEM_NO_GET
373,_CON_VICTORY_NICK_NAME_GET
374,_CON_RANKING_CHECK
375,_CON_VICTORY_ENTRY_NO_GET
376,_CON_MY_ENTRY_NO_GET
377,_CON_OBJ_CODE_GET
378,_CON_POPULARITY_GET
379,_CON_DESK_MODE_GET
380,_CON_HAVE_RIBBON_CHECK
381,_CON_RIBBON_NAME_GET
382,_CON_ACCE_NO_GET
383,_CON_ENTRY_PARAM_GET
384,_CON_CAMERA_FLASH_SET
385,_CON_CAMERA_FLASH_CHECK
386,_CON_HBLANK_STOP
387,_CON_HBLANK_START
388,_CON_ENDING_SKIP_CHECK
389,_CON_RECORD_DISP
390,_CON_MSGPRINT_FLAG_SET
391,_CON_MSGPRINT_FLAG_RESET
392,_SP_LOCATION_SET
393,_ELEVATOR_FLOOR_GET
394,_ELEVATOR_FLOOR_WRITE
395,_SHINOU_ZUKAN_SEE_NUM
396,_SHINOU_ZUKAN_GET_NUM
397,_ZENKOKU_ZUKAN_SEE_NUM
398,_ZENKOKU_ZUKAN_GET_NUM
399,_CHK_ZENKOKU_ZUKAN
400,_GET_HYOUKA_MSGID
401,_WILD_BTL_SET
402,_SP_WILD_BTL_SET
403,_FIRST_BTL_SET
404,_CAPTURE_BTL_SET
405,_HONEY_TREE
406,_GET_HONEY_TREE_STATE
407,_HONEY_TREE_BTL_SET
408,_HONEY_TREE_AFTER_SET
409,_TSIGN_SET_PROC
410,_REPORT_SAVE_CHECK
411,_REPORT_SAVE
412,_REPORT_WIN_OPEN
413,_REPORT_WIN_CLOSE
414,_CLIP_TVSAVEDATA_CHECK
415,_CLIP_CONSAVEDATA_CHECK
416,_CLIP_TV_TITLE_SAVE
417,_GET_POKETCH
418,_GET_POKETCH_FLAG
419,_POKETCH_ADD
420,_POKETCH_CHECK
421,_COMM_SYNCHRONIZE
422,_COMM_RESET
423,_UNION_PARENT_CARD_TALK_NO
424,_UNION_GET_INFO_TALK_NO
425,_UNION_BEACON_CHANGE
426,_UNION_CONNECT_TALK_DENIED
427,_UNION_CONNECT_TALK_OK
428,_UNION_TRAINER_NAME_REGIST
429,_UNION_RETURN_SETUP
430,_UNION_CONNECT_CUT_RESTART
431,_UNION_GET_TALK_NUMBER
432,_UNION_ID_SET
433,_UNION_RESULT_GET
434,_UNION_OBJ_ALL_VANISH
435,_UNION_SCRIPT_RESULT_SET
436,_UNION_PARENT_START_COMMAND_SET
437,_UNION_CHILD_SELECT_COMMAND_SET
438,_UNION_CONNECT_START
439,_UNION_MAP_CHANGE
440,_UNION_VIEW_TR_SEL_SET
441,_UNION_VIEW_TR_TYPE_MSG_GET
442,_UNION_VIEW_TR_TYPE_NO_GET
443,_UNION_VIEW_MY_STATUS_SET
444,_SYS_FLAG_ZUKAN_GET
445,_SYS_FLAG_ZUKAN_SET
446,_SYS_FLAG_SHOES_GET
447,_SYS_FLAG_SHOES_SET
448,_SYS_FLAG_BADGE_GET
449,_SYS_FLAG_BADGE_SET
450,_SYS_FLAG_BADGE_COUNT
451,_SYS_FLAG_BAG_GET
452,_SYS_FLAG_BAG_SET
453,_SYS_FLAG_PAIR_GET
454,_SYS_FLAG_PAIR_SET
455,_SYS_FLAG_PAIR_RESET
456,_SYS_FLAG_ONE_STEP_GET
457,_SYS_FLAG_ONE_STEP_SET
458,_SYS_FLAG_ONE_STEP_RESET
459,_SYS_FLAG_GAME_CLEAR_GET
460,_SYS_FLAG_GAME_CLEAR_SET
461,_SYS_FLAG_KAIRIKI_SET
462,_SYS_FLAG_KAIRIKI_RESET
463,_SYS_FLAG_KAIRIKI_GET
464,_SYS_FLAG_FLASH_SET
465,_SYS_FLAG_FLASH_RESET
466,_SYS_FLAG_FLASH_GET
467,_SYS_FLAG_KIRIBARAI_SET
468,_SYS_FLAG_KIRIBARAI_RESET
469,_SYS_FLAG_KIRIBARAI_GET
470,_SHOP_CALL
471,_FIX_SHOP_CALL
472,_FIX_GOODS_CALL
473,_FIX_SEAL_CALL
474,_ACCE_SHOP_CALL
475,_PLAYER_REPORT_DRAW_SET
476,_PLAYER_REPORT_DRAW_DEL
477,_GAME_OVER_CALL
478,_SET_WARP_ID
479,_GET_MY_SEX
480,_PC_KAIFUKU
481,_UG_MAN_SHOP_NPC_RAND_PLACE
482,_COMM_DIRECT_END
483,_COMM_DIRECT_END_TIMING
484,_COMM_DIRECT_ENTER_BTL_ROOM
485,_COMM_PLAYER_SET_DIR
486,_SET_UP_DOOR_ANIME
487,_WAIT_3D_ANIME
488,_FREE_3D_ANIME
489,_SEQ_OPEN_DOOR
490,_SEQ_CLOSE_DOOR
491,_PMS_INPUT_SINGLE
492,_PMS_INPUT_DOUBLE
493,_PMS_BUF
494,_GET_SEED_STATUS
495,_GET_SEED_TYPE
496,_GET_SEED_COMPOST
497,_GET_SEED_GROUND
498,_GET_SEED_COUNT
499,_SET_SEED_COMPOST
500,_SET_SEED_NUTS
501,_SET_SEED_WATER
502,_TAKE_SEED
503,_SXY_POS_CHANGE
504,_OBJ_POS_CHANGE
505,_SXY_MV_CHANGE
506,_SXY_DIR_CHANGE
507,_SXY_EXIT_POS_CHANGE
508,_SXY_BG_POS_CHANGE
509,_OBJ_DIR_CHANGE
510,_RETURN_SCRIPT_WK_SET
511,_MSGEXPANDBUF
512,_GET_SODATE_NAME
513,_GET_SODATEYA_ZIISAN
514,_INIT_WATER_GYM
515,_PUSH_WATER_GYM_BUTTON
516,_INIT_GHOST_GYM
517,_MOVE_GHOST_GYM_LIFT
518,_INIT_STEEL_GYM
519,_INIT_COMBAT_GYM
520,_INIT_ELEC_GYM
521,_ROTATE_ELEC_GYM_GEAR
522,_GET_POKE_COUNT
523,_GET_POKE_COUNT2
524,_GET_POKE_COUNT3
525,_GET_POKE_COUNT4
526,_GET_TAMAGO_COUNT
527,_UG_SHOP_MENU_INIT
528,_UG_SHOP_TALK_START
529,_UG_SHOP_TALK_END
530,_UG_SHOP_ITEM_NAME
531,_UG_SHOP_TRAP_NAME
532,_DEL_SODATEYA_EGG
533,_GET_SODATEYA_EGG
534,_MSG_SODATEYA_AISHOU
535,_MSG_AZUKE_SET
536,_SET_SODATEYA_POKE
537,_SODATEYA_POKELIST
538,_HIKITORI_LIST
539,_SODATE_POKE_LEVEL_STR
540,_HIKITORI_RYOUKIN
541,_HIKITORI_POKE
542,_TAMAGO_DEMO
543,_TEMOTI_MONSNO
544,_MONS_OWN_CHK
545,_CHK_TEMOTI_POKERUS
546,_TEMOTI_POKE_SEX_GET
547,_SUB_MY_GOLD
548,_COMP_MY_GOLD
549,_OBJ_VISIBLE
550,_OBJ_INVISIBLE
551,_MAILBOX
552,_GET_MAILBOX_DATANUM
553,_RANKING_VIEW
554,_GET_TIME_ZONE
555,_GET_RND
556,_GET_RND_NEXT
557,_GET_NATSUKI
558,_ADD_NATSUKI
559,_SUB_NATSUKI
560,_HIKITORI_LIST_NAME_SET
561,_GET_SODATEYA_AISHOU
562,_SODATEYA_TAMAGO_CHK
563,_TEMOTI_POKE_CHK
564,_OOKISA_RECORD_CHK
565,_OOKISA_RECORD_SET
566,_OOKISA_TEMOTI_SET_BUF
567,_OOKISA_KIROKU_SET_BUF
568,_OOKISA_KURABE_INIT
569,_WAZALIST_SET_PROC
570,_WAZALIST_GET_RESULT
571,_WAZA_COUNT
572,_WAZA_DEL
573,_TEMOTI_WAZANO
574,_TEMOTI_WAZA_NAME
575,_FNOTE_START_SET
576,_FNOTE_DATA_MAKE
577,_FNOTE_DATA_SAVE
578,_IMC_ACCE_ADD_ITEM
579,_IMC_ACCE_ADD_ITEM_CHK
580,_IMC_ACCE_ITEM_CHK
581,_IMC_BG_ADD_ITEM
582,_IMC_BG_ITEM_CHK
583,_NUTMIXER_CALL
584,_NUTMIXER_PLAY_CHECK
585,_ZUKAN_CHK_SHINOU
586,_ZUKAN_CHK_NATIONAL
587,_ZUKAN_RECONGNIZE_SHINOU
588,_ZUKAN_RECONGNIZE_NATIONAL
589,_URAYAMA_ENCOUNT_SET
590,_URAYAMA_ENCOUNT_NO_CHK
591,_POKE_MAIL_CHK
592,_PAPERPLANE_SET
593,_POKE_MAIL_DEL
594,_KASEKI_COUNT
595,_ITEMLIST_SET_PROC
596,_ITEMLIST_GET_RESULT
597,_ITEMNO_TO_MONSNO
598,_KASEKI_ITEMNO
599,_POKE_LEVEL_CHK
600,_BTOWER_APP_CALL
601,_BTOWER_WORK_CLEAR
602,_BTOWER_WORK_INIT
603,_BTOWER_WORK_RELEASE
604,_BTOWER_TOOLS
605,_BTOWER_SEVEN_POKE_GET
606,_BTOWER_PRIZE_GET
607,_BTOWER_PRIZEMAN_SET
608,_BTOWER_SEND_BUF
609,_BTOWER_RECV_BUF
610,_BTOWER_GET_LEADER_ROOMID
611,_BTOWER_IS_LEADER_EXIST
612,_RECORD_INC
613,_RECORD_GET
614,_RECORD_ADD
615,_RECORD_SET
616,_RECORD_SETIFLARGE
617,_SAFARI_START
618,_SAFARI_END
619,_CALL_SAFARI_SCOPE
620,_CLIMAX_DEMO
621,_INIT_SAFARI_TRAIN
622,_MOVE_SAFARI_TRAIN
623,_CHECK_SAFARI_TRAIN
624,_PLAYER_HEGIHT_VALID
625,_GET_POKE_SEIKAKU
626,_CHK_POKE_SEIKAKU_ALL
627,_UNDERGROUND_TALK_COUNT
628,_NATURAL_PARK_WALK_COUNT_CLEAR
629,_NATURAL_PARK_WALK_COUNT_GET
630,_NATURAL_PARK_ACCESSORY_NO_GET
631,_GET_NEWS_POKE_NO
632,_NEWS_COUNT_SET
633,_NEWS_COUNT_CHK
634,_START_GENERATE
635,_ADD_MOVE_POKE
636,_OSHIE_WAZA_COUNT
637,_REMAIND_WAZA_COUNT
638,_OSHIE_WAZALIST_SET_PROC
639,_REMAIND_WAZALIST_SET_PROC
640,_OSHIE_WAZALIST_GET_RESULT
641,_REMAIND_WAZALIST_GET_RESULT
642,_NORMAL_WAZALIST_SET_PROC
643,_NORMAL_WAZALIST_GET_RESULT
644,_FLD_TRADE_ALLOC
645,_FLD_TRADE_MONSNO
646,_FLD_TRADE_CHG_MONSNO
647,_FLD_TRADE_EVENT
648,_FLD_TRADE_DEL
649,_ZUKAN_TEXT_VER_UP
650,_ZUKAN_SEX_VER_UP
651,_ZENKOKU_ZUKAN_FLAG
652,_CHK_RIBBON_COUNT
653,_CHK_RIBBON_COUNT_ALL
654,_CHK_RIBBON
655,_SET_RIBBON
656,_RIBBON_NAME
657,_CHK_PRMEXP
658,_CHK_WEEK
659,_TV_ENTRY_WATCH_HIDE_ITEM
660,_TV_ENTRY_WATCH_CHANGE_NAME
661,_REGULATION_LIST_CALL
662,_ASHIATO_CHK
663,_PC_RECOVER_ANM
664,_ELEVATOR_ANM
665,_CALL_SHIP_DEMO
666,_DEBUG_PRINT_WORK
667,_DEBUG_PRINT_FLAG
668,_DEBUG_PRINT_WORK_STATIONED
669,_DEBUG_PRINT_FLAG_STATIONED
670,_PM_VERSION_GET
671,_FRONT_POKEMON
672,_TEMOTI_POKE_TYPE
673,_AIKOTOBA_KABEGAMI_SET
674,_GET_UG_HATA_NUM
675,_SETUP_PASO_ANM
676,_START_PASO_ON_ANM
677,_START_PASO_OFF_ANM
678,_GET_KUJI_ATARI_NUM
679,_KUJI_ATARI_CHK
680,_KUJI_ATARI_INIT
681,_NICK_NAME_PC
682,_TV_INTERVIEWER_CHECK
683,_COUNT_MONSBOX_SPACE
684,_POKEPARK_CONTROL
685,_POKEPARK_DEPOSIT_COUNT
686,_POKEPARK_TRANS_MONS
687,_POKEPARK_GET_SCORE
688,_DENDOU_BALL_ANM
689,_INIT_FLD_LIFT
690,_MOVE_FLD_LIFT
691,_CHECK_FLD_LIFT
692,_SETUP_RAH_CYL
693,_START_RAH_CYL
694,_ADD_SCORE
695,_ACCE_NAME
696,_PARTY_MONSNO_CHECK
697,_PARTY_DEOKISISUFORM_CHANGE
698,_CHECKMINOMUCHICOMP
699,_POKETCH_HOOK_SET
700,_POKETCH_HOOK_RESET
701,_SLOT_MACHINE
702,_GET_NOW_HOUR
703,_FLDOBJ_SHAKE_ANM
704,_FLDOBJ_BLINK_ANM
705,_D20R0106_LEGEND_IS_UNSEAL
706,_DRESSING_IMC_ACCE_CHECK
707,_AGB_CARTRIDGE_VER_GET
708,_UNDERGROUND_TALK_COUNT_CLEAR
709,_HIDEMAP_STATE_CHG
710,_NAMEIN_MONUMENT
711,_MONUMENT_NAME
712,_IMC_BG_NAME
713,_COMP_COIN
714,_SLOT_RENTYAN_CHK
715,_ADD_COIN_CHK
716,_LEVEL_JIJII_NO
717,_POKE_LEVEL_GET
718,_IMC_ACCE_SUB_ITEM
719,_C08R0801SCOPECAMERASET
720,_LEVEL_JIJII_INIT
721,_NEW_NANKAI_WORD_SET
722,_REGULAR_CHECK
723,_NEW_NANKAI_WORD_COMPLETE_CHECK
724,_TEMOTI_POKE_CONTEST_STATUS_GET
725,_D17SYSTEM_MAP_SELECT
726,_UNDERGROUND_TOOL_GIVE_COUNT
727,_UNDERGROUND_KASEKI_DIG_COUNT
728,_UNDERGROUND_TRAP_HIT_COUNT
729,_POFIN_ADD
730,_POFIN_ADD_CHK
731,_IS_HAIHU_EVENT_ENABLE
732,_SODATEYA_POKELIST_SET_PROC
733,_SODATEYA_POKELIST_GET_RESULT
734,_GET_RANDOM_HIT
735,_UNDERGROUND_TALK_COUNT2
736,_HIDENEFF_START
737,_ZISHIN
738,_BTL_POINT_WIN_WRITE
739,_BTL_POINT_WIN_DEL
740,_BTL_POINT_WRITE
741,_GET_BTL_POINT
742,_BTL_POINT_ADD
743,_BTL_POINT_SUB
744,_COMP_BTL_POINT
745,_GET_BP_GIFT
746,_UG_BALLITEM_CHECK
747,_AUSU_ITEM_CHECK
748,_CHECK_MY_GSID
749,_FRIEND_DATA_NUM
750,_GET_COIN_GIFT
751,_SUB_WK_COIN
752,_COMP_WK_COIN
753,_AIKOTOBA_OKURIMONO_CHK
754,_WIFI_HUSIGINAOKURIMONO_OPEN_FLAG_SET
755,_UNION_GET_CARD_TALK_NO
756,_WIRELESS_ICON_EASY
757,_WIRELESS_ICON_EASY_END
758,_SAVE_FIELD_OBJ
759,_SEAL_NAME
760,_SET_ESCAPE_LOCATION
761,_FIELDOBJ_BITSET_FELLOWHIT
762,_DAME_TAMAGO_CHK_ALL
763,_UNION_BMPMENU_START
764,_UNION_BATTLE_START_CHECK
765,_GET_TRCARD_RANK
766,_FLD_SCOPE_MODE_ON
767,_FLD_SCOPE_MODE_OFF
768,_AC_UP
769,_AC_DOWN
770,_AC_LEFT
771,_AC_RIGHT
772,_AC_LOOP
773,_AC_DIR_U
774,_AC_DIR_R
775,_AC_DIR_D
776,_AC_DIR_L
777,_ACMD_END
778,_AC_DIR_VAL
779,_AC_WAIT
780,_SET_TURN_HERO_FRAME
781,_SET_TURN_OBJ_FRAME
782,_DEBUG_PRINT
783,_AC_MARK_GYOE
784,_FADE_WAIT
785,_HERO_MOVE_GRID_CENTER
786,_AC_WORLD_X
787,_AC_WORLD_Z
788,_AC_HERO_MATCH_X
789,_AC_HERO_MATCH_Z
790,_SET_POS_HERO_MATCH_X
791,_SET_POS_HERO_MATCH_Z
792,_AC_UP_CENTER
793,_AC_DOWN_CENTER
794,_AC_LEFT_CENTER
795,_AC_RIGHT_CENTER
796,_AC_DIR_UP_CENTER
797,_AC_DIR_DOWN_CENTER
798,_AC_DIR_LEFT_CENTER
799,_AC_DIR_RIGHT_CENTER
800,_AC_VANISH_ON
801,_AC_VANISH_OFF
802,_AC_DIR_PAUSE_ON
803,_AC_DIR_PAUSE_OFF
804,_AC_ANM_PAUSE_ON
805,_AC_ANM_PAUSE_OFF
806,_AC_PC_BOW
807,_AC_HIDE_PULLOFF
808,_AC_HERO_BANZAI
809,_AC_MARK_SAISEN
810,_AC_HERO_BANZAI_UKE
811,_ACMD_NOT
812,_GET_LANGUAGE
813,_GET_REL_POS_HERO
814,_CAMERA_TARGET_HERO
815,_CAMERA_TARGET_DUMMY
816,_DUMMY_ANIME
817,_DUMMY_ANIME_WAIT
818,_DUMMY_SET_POS
819,_DUMMY_SET_POS_HERO
820,_SET_CUSTUM_WIN_MSBT
821,_ADD_CUSTUM_WIN_LABEL
822,_OPEN_CUSTUM_WIN
823,_VISIBLE_OBJ_PROP
824,_INVISIBLE_OBJ_PROP
825,_EVENT_CAMERA_MODE
826,_SET_EVENT_CAMERA_PARAM
827,_EVENT_CAMERA_WAIT
828,_EVENT_CAMERA_FRAME
829,_HIT_DOOR_ANIME
830,_HIT_DOOR_ANIME_WAIT
831,_SET_DOOR_OBJ
832,_ROTOMU_FORM_CHECK
833,_TEMOTI_ROTOMU_FORM_WAZA_CHG
834,_EVENT_GET_TEMOTI_POKE_CHK_GET_POS
835,_TURN_HERO_TALK_OBJ
836,_FADE_SPEED
837,_FADE_BALL
838,_FADE_DEFAULT
839,_DOOR_FORCE_ANIME_END
840,_LDVAL_VERSION
841,_LDVAL_SEX
842,_TV_ENTRY_PARKINFO_INIT
843,_TV_ENTRY_PARKINFO_ITEM
844,_TV_ENTRY_PARKINFO_ACCE
845,_GROUP_EXIST_CHECK
846,_GROUP_ENTRY_CHECK
847,_GROUP_NAME
848,_GROUP_LEADER_NAME
849,_GROUP_NAME_IN
850,_GROUP_ENTRY
851,_GROUP_MAKE
852,_MYSTERY_POSTMAN_INIT
853,_MYSTERY_PRESENT_CHECK
854,_MYSTERY_GET_PRESENT_ID
855,_MYSTERY_RECEIVE_CHECK
856,_MYSTERY_RECEIVE_PRESENT
857,_MYSTERY_DISABLE_MSG
858,_MYSTERY_ENABLE_MSG
859,_MYSTERY_POSTMAN_END
860,_MYSTERY_POSTMAN_SAVE_END
861,_UNKNOWN_MSG
862,_TV_INTERVIEW_MSG
863,_TV_INTERVIEW_ENTRY
864,_TV_START
865,_TV_END
866,_TV_START_NUMBER
867,_TV_SET_ENDFLAG
868,_TV_MAKE_MSG
869,_TV_GET_DATA_TOTAL
870,_AC_INDEX_ANIME
871,_AC_INDEX_ANIME_WAIT
872,_DEBUG_RESET_WORK
873,_SET_SYS_FLAG
874,_RESET_SYS_FLAG
875,_CAMERA_SET_COS_ANGLE
876,_CAMERA_COS_ANGLE_WAIT
877,_HERO_MOVE_GRID_CENTER_FRONT
878,_WARP_ENABLE_SET
879,_DOOR_ENABLE_SET
880,_AC_ANIM_LOCK
881,_AC_ANIM_RELEASE
882,_SET_OFFSET
883,_OFFSET_WAIT
884,_NAMINORI_END
885,_TAKIKUDARI
886,_KABENOBORI_CHECK
887,_TALK_POKE_GET_TEMOTI_INDEX
888,_NATURAL_PARK_GET_MONOHIROI_ITEM_NO
889,_CON_OPEN_POKE_SELECT_MENU
890,_CON_OPEN_CAPSULE_SELECT_MENU
891,_CON_OPEN_BOUTIQUE_SELECT_MENU
892,_CON_WAIT_CONTEST_MENU
893,_CON_MY_ENTRY_NO_WORD_SET
894,_CON_BEST_PERFORMER_CHECK
895,_CON_CATEGORY_RIBBON_NAME_SET
896,_CON_HAVE_CONTEST_STAR_CHECK
897,_CON_CONTEST_STAR_NAME_SET
898,_CON_REWARD_NAME_SET
899,_OBJ_ANIME_FUREAI
900,_AC_MARK_EMO
901,_CON_CATEGORY_AND_RANK_SET
902,_CON_RANK_SET
903,_NATURAL_PARK_POKE_CREATE
904,_NATURAL_PARK_POKE_KAISAN
905,_NATURAL_PARK_POKE_SYUUGOU
906,_CON_CHECK_ENTRY_POKE
907,_NATURAL_PARK_POKE_SELECT_MENU
908,_AC_NECK_ROTATE
909,_CON_RESET_PARAMETER
910,_CON_SELECT_SINGLE_MODE
911,_CON_SELECT_MULTI_MODE
912,_DPR_SHOP_OPEN
913,_DPR_SHOP_OPEN_WAIT
914,_DOOR_TRANSITION_ZONE_SET
915,_IMAGE_CLIP_VIEW_CON_CHECK_PROC
916,_MOVE_COMBAT_GYM_WALL
917,_EV_ENTITY_PLAYER_MOVE_START
918,_EV_ENTITY_PLAYER_MOVE_END
919,_EV_ENTITY_PLAYER_MOVE_RESET
920,_CHECK_CAN_SEED_WATER
921,_SHOP_OPEN_FIXED
922,_SHOP_OPEN_SEAL
923,_SHOP_OPEN_BATTLE
924,_SHOP_OPEN_FLOWER
925,_SHOP_OPEN_OTENKI
926,_SHOP_OPEN_SELL
927,_AC_OFFSET
928,_GET_COSTUME
929,_SHOP_OPEN_BOUTIQUE_BUY
930,_SHOP_OPEN_BOUTIQUE_CHANGE
931,_CON_REWARD_SHOWMASTER_NAME_SET
932,_CON_TWINKLE_STAR_NAME_SET
933,_ANAWOHORU
934,_ANANUKENOHIMO
935,_TELEPORT
936,_AMAIKAORI
937,_CHECK_POFIN
938,_AMAIMITU
939,_WARP_START_ANIMATION
940,_WARP_END_ANIMATION
941,_SAFARI_SCOPE_SEQUENCE
942,_EVENT_CAMERA_INDEX
943,_EVENT_CAMERA_END_WAIT
944,_SHOP_OPEN_PALPARK
945,_BTOWER_APP_WAIT
946,_FLOOR_OPEN
947,_FLOOR_CLOSE
948,_MONEY_OPEN
949,_MONEY_CLOSE
950,_AZUKARIYA_EXIST_EGG
951,_AZUKARIYA_STORED_COUNT
952,_AZUKARIYA_SET_STORED_NAME
953,_AZUKARIYA_STORE
954,_AZUKARIYA_RESTORE
955,_AZUKARIYA_LOVE_LEVEL
956,_AZUKARIYA_GET_STORED_MONSNO
957,_AZUKARIYA_GET_EGG
958,_AZUKARIYA_DISCARD_EGG
959,_AZUKARIYA_SET_STORED_INFO_STR
960,_AZUKARIYA_GET_STORED_SEX
961,_AZUKARIYA_OLDMAN_INIT
962,_ADD_CUSTUM_WIN_LABEL_WORD_SET
963,_OPEN_CUSTUM_WIN_WORD_SET
964,_AC_INVISIBLE_ON
965,_AC_INVISIBLE_OFF
966,_BTL_ENCSEQ_LOAD
967,_USE_SPRAY
968,_BIRTH_MOUNTH_INPUT
969,_BIRTH_DAY_INPUT
970,_SPEAKERS_NAME
971,_GET_PLAYER_CAP
972,_CAMERA_SHAKE
973,_EVENT_ENTITY_CLIP_PLAY
974,_EVENT_ENTITY_CLIP_WAIT
975,_FACE_INDEX
976,_AC_FACE_INDEX
977,_TEMOTI_BALL_LOAD
978,_TEMOTI_BALL_LOAD_WAIT
979,_POKECEN_PUT_BALL
980,_POKECEN_CLEAR_BALL
981,_CHARA_LOOK_LOCK
982,_CHARA_LOOK_RELEASE
983,_TALK_OBJ_START_LOOK_NONE
984,_BOUKENNOOTO_TIPS_OPEN
985,_HIDENEFF_WAIT
986,_GET_URAYAMA_ENCOUNT_INDEX
987,_CUSTOM_BALL_NUM_ADD
988,_CHANGE_FASHION_REQ
989,_WARP_PANEL_START
990,_WARP_PANEL_END
991,_CON_OPEN_MATCHING_MENU
992,_OPEN_PASSWORD_SWKEYBOARD
993,_DENDOU_NUM_SET
994,_TEMOTI_BOX_POKE_CHK
995,_TEMOTI_BOX_MONSNO
996,_CALL_WAZA_OMOIDASHI_UI
997,_CALL_WAZA_WASURE_UI
998,_CALL_WAZA_OSHIE_UI
999,_CHECK_WAZA_OSHIE
1000,_CHECK_WAZA_OSHIE_ALL
1001,_TEMOTI_BOX_POKEMON_NAME
1002,_BTWR_TOOL_CHK_ENTRY_POKE_NUM
1003,_BTWR_TOOL_CLEAR_PLAY_DATA
1004,_BTWR_TOOL_PUSH_NOW_LOCATION
1005,_BTWR_TOOL_POP_NOW_LOCATION
1006,_BTWR_TOOL_GET_WIFI_RANK
1007,_BTWR_TOOL_SET_PLAY_MODE
1008,_BTWR_TOOL_SET_NOW_WIN
1009,_BTWR_TOOL_SET_RANK
1010,_BTWR_SUB_CHK_ENTRY_POKE
1011,_BTWR_SUB_GET_NOW_ROUND
1012,_BTWR_SUB_INC_ROUND
1013,_BTWR_SUB_IS_CLEAR
1014,_BTWR_SUB_GET_RENSHOU_CNT
1015,_BTWR_SUB_SET_SCORE
1016,_BTWR_SUB_CHOICE_BTL_PARTNER
1017,_BTWR_SUB_LOCAL_BTL_CALL
1018,_BTWR_SUB_GET_PLAY_MODE
1019,_BTWR_SUB_SET_LEADER_CLEAR_FLAG
1020,_BTWR_SUB_GET_LEADER_CLEAR_FLAG
1021,_BTWR_SUB_ADD_BATTLE_POINT
1022,_BTWR_SUB_RENSHOU_RIBBON_SET
1023,_BTWR_SUB_GET_MINE_OBJ
1024,_BTWR_SUB_UPDATE_RANDOM
1025,_BTWR_DEB_IS_WORK_NULL
1026,_BOUKENNOOTO_TIPS_WAIT
1027,_SAVE_RENDOU_ENABLE
1028,_RETURN_LOOP
1029,_INPUT_JUMP
1030,_BTWR_SUB_BTL_TRAINER_SET
1031,_BTWR_SUB_GET_RANK
1032,_BTWR_SUB_RANK_DOWN_LOSE
1033,_BTWR_SUB_RANK_DOWN_LOSE_RESET
1034,_BTWR_SUB_ADD_LOSE
1035,_SET_VISIBILITY
1036,_LOAD_CAMERA_CONTROLLER
1037,_LOAD_WAIT_CAMERA_CONTROLLER
1038,_CAMERA_CONTROLLER_PLAY
1039,_CAMERA_CONTROLLER_END
1040,_TEMOTI_ROTOMU_FORM_CHG_CHECK
1041,_TEMOTI_POKE_CHK_NUM
1042,_TEMOTI_ROTOMU_FORM_GET
1043,_POKELIST_FORM_CHANGE_SET_PROC
1044,_POKELIST_FORM_CHANGE_GET_RESULT
1045,_TUREARUKI_POKEMON_TALK
1046,_TUREARUKI_POKEMON_INDEX
1047,_TUREARUKI_TAKE_ITEM
1048,_TUREARUKI_ITEM_TIMER_SET
1049,_RELEASE_CAMERA_CONTROLLER
1050,_FIND_BG_ENABLE
1051,_FIND_BG_DISABLE
1052,_CALL_EFFECT
1053,_STOP_EFFECT
1054,_RELEASE_EFFECT
1055,_CASSET_VERSION_GET
1056,_BOX_OPEN_NORMAL
1057,_BOX_OPEN_SELECT
1058,_CALL_EFFECT_OBJ
1059,_SORAWOTOBU_END
1060,_CON_OPEN_RESUME_MATCHING_MENU
1061,_BOX_SEAL_UI_WAIT
1062,_OBJ_POS_CHANGE_WORLD
1063,_OPEN_SPECIAL_WIN_LABEL
1064,_WAIT_SPECIAL_WIN_LABEL
1065,_AK_LISNER_TRA
1066,_AK_LISNER_POS
1067,_AK_LISNER_ROT
1068,_UNION_PROC
1069,_CAMERA_CONTROLLER_WAIT
1070,_SET_TV_INT
1071,_SET_TV_PLAYER_NAME
1072,_SET_TV_POKE_NICK_NAME
1073,_TV_TPIC_ENABLE
1074,_TV_TPIC_BRANCH
1075,_TUREARUKI_POKE_CREATE
1076,_TUREARUKI_POKE_DELETE
1077,_AUTO_TANKEN_SET
1078,_SET_MATCHING_GROUP
1079,_AUTO_TANKEN_SET_WAIT
1080,_USE_TANKENSET
1081,_TALK_UNION_NPC
1082,_CHECK_ONLINE_ACCOUNT
1083,_WAIT_CHECK_ONLINE_ACCOUNT
1084,_LOCALKOUKAN_APPLY
1085,_ZUKAN_TOUROKU
1086,_ZUKAN_TOUROKU_WAIT
1087,_CHK_ZUKAN_TOUROKU
1088,_AUTO_SAVE
1089,_ENDING_DEMO
1090,_AZUKARIYA_TAKE_OVER_POKE
1091,_POKETORE_GET_CHARGE
1092,_POKETORE_START
1093,_BICYCLE_COLOR_SET
1094,_BICYCLE_COLOR_GET
1095,_PARK_ITEM_NAME
1096,_LOAD_UMA_ANIME
1097,_RELEASE_UMA_ANIME
1098,_LOAD_UMA_ANIME_WAIT
1099,_UMA_ANIME_PLAY
1100,_UMA_ANIME_ATTACH
1101,_UMA_PLAY_WAIT
1102,_OBJ_ANIME_SPEED
1103,_OBJ_SCALE
1104,_BADGE_GET
1105,_ADD_UG_ITEM
1106,_TOBARI_4F_SHOP_OPEN
1107,_DOF_FAR_DEPTH
1108,_DISPLAY_MESSAGE
1109,_DISPLAY_MESSAGE_CLOSE
1110,_CUSTOM_BALL_TRAINER_PAGE
1111,_CUSTOM_BALL_TRAINER_COPY_OPEN
1112,_RECONGNIZE_TOKIKAKE
1113,_RECONGNIZE_OPEN_WAIT
1114,_UG_ITEM_NAME
1115,_FUREAI_TALK_START
1116,_FUREAI_TALK_END
1117,_PLAY_FUREAI_VOICE_NAKAYOSHIRANK
1118,_CREATE_HYOUTA
1119,_CALL_SHIP_DEMO_SEA_MAP
1120,_SETUP_SHIP
1121,_PC_DENDOU_SET_PROC_OPEN_WAIT
1122,_GET_POKETCH_APP_ID
1123,_FADE_DUNGEON_OUT
1124,_FADE_DUNGEON_IN
1125,_FADE_BUILDING_OUT
1126,_FADE_BUILDING_IN
1127,_FADE_AREA_OUT
1128,_FADE_AREA_IN
1129,_CUSTOM_BALL_TRAINER_PAGE_WAIT
1130,_C08R0801SCOPECAMERA_SEQUENCE
1131,_EMBANKMENT
1132,_ENTRY_UWASA_ZUKAN
1133,_TALK_UG_NPC
1134,_TRAINING_OPEN
1135,_TRAINING_OPEN_WAIT
1136,_CAMERA_CONTROLLER_IS_NULL
1137,_UMA_IS_NULL
1138,_GET_IS_HAVE_SECRETBASE
1139,_GET_UG_NPC_TALK_COUNT
1140,_RESET_UG_NPC_TALK_COUNT
1141,_TEMOTI_POKE_CHK_GET_POS
1142,_AC_STOP_WALK_ANIME
1143,_SET_FORCE_BLINK
1144,_CHECK_SECRET_BASE_EXPANTION
1145,_TV_TOPIC_BRANCH_GET
1146,_TV_TOPIC_INT_GET
1147,_TV_TOPIC_STR_WORD_SET
1148,_OOKISA_VALUE_SET_BUF
1149,_SET_LIGHTINTENSITY
1150,_SET_LIGHTINTENSITY_CHARCTER
1151,_SET_LIGHTINTENSITY_POKE
1152,_END_LIGHTINTENSITY
1153,_END_LIGHTINTENSITY_CHARCTER
1154,_END_LIGHTINTENSITY_POKE
1155,_AC_ANIME_DURATION
1156,_TV_RED_GYARADOS_ON
1157,_TV_RED_GYARADOS_OFF
1158,_PARTNER_NAME_SET
1159,_TV_MONITOR_SET
1160,_TV_MONITOR_RESET
1161,_EFF_SCALE
1162,_GET_ITEM_COUNT
1163,_PLAY_EMO_SE
1164,_AUTO_MSG
1165,_AUTO_MSG_STOP
1166,_GET_TAG_PATNER_ID
1167,_ADD_WAZA
1168,_NICKNAME_PLACEMENT
1169,_UNIQUE_POKE_TEMP
1170,_UNIQUE_POKE_FIX
1171,_GET_FORM
1172,_NICK_NAME_ALL
1173,_DOF_CHANGE_TARGET_POS
1174,_DOF_RESET_TARGET_POS
1175,_ADD_MAROYAKA_POFFIN
1176,_ALL_MONSNO
1177,_ALL_MONS_OWN_CHK
1178,_CON_CATEGORY_NAME
1179,_CON_RANK_NAME
1180,_POKE_TYPE_NAME
1181,_POFFIN_NAME
1182,_DRESS_NAME
1183,_EVENT_ENTITY_VISIBLE
1184,_UG_LEAVE_HOYUTA
1185,_AZUKARIYA_STORE_UI
1186,_SET_TELEPORT_ID
1187,_POKE_LVUP_HOW_MANY
1188,_USE_SPECIAL_ITEM
1189,_GET_BP
1190,_ZONE_NAME2
1191,_TALK_COLISEUM_NPC
1192,_USE_SUB_ATTRIBUTE
1193,_ADD_CUSTUM_WIN_LABEL_TWO_WINDOW
1194,_POKE_LEVEL_GET_ALL
1195,_RESET_SAVEBGM
1196,_BTWR_SUB_SELECT_POKE
1197,_BTWR_SUB_GET_ENTRY_POKE
1198,_SET_GLOBALWATERFIELD
1199,_TV_INTERVIEW_STR_WORD_SET
1200,_ZONE_NAME_LABEL
1201,_AUTO_SAVE_BACK_UP_ON
1202,_GET_STATUE_NUM
1203,_BTWR_PLAYER_WIN_CHECK
1204,_GET_GOLD
1205,_AG_TRANSITION_HOYUTA
1206,_ADD_POKEMON_UI
1207,_GET_FUREAI_SELECT_POKE_TEMOTI_NO
1208,_TV_TOPIC_STR_GENDER_WORD_SET
1209,_EVENT_ENTITY_CLIP_ATTACH_PLAYER
1210,_GET_POKE_COUNT5
1211,_ADD_UNIQUE_POKEMON_UI
1212,_BTWR_SUB_ADD_BATTLE_POINT_MANUAL
1213,_POKE_TARENT_POW_MAX
1214,_OPEN_BATTLE_WIN
1215,_OJIGI
1216,_DARKNESS_TEMPORARILY_OFF
1217,_DARKNESS_TEMPORARILY_ON
1218,_SAVE_PLAYREPORT
1219,_SET_STOP_EYE_ENCOUNT
1220,_RESET_STOP_EYE_ENCOUNT
1221,_OPEN_CUSTUM_WIN_FIXED
1222,_PLAY_REPORT_TRAINING
1223,_PLAY_REPORT_BTLTOWER_WIN
1224,_CMD_NAME_END
